Patient,Leg,MSU_0_Seg_dual,MSU_0625_Seg_dual,MSU_125_Seg_dual,MSU_25_Seg_dual,MSU_50_Seg_dual,MSU_0_Seg,MSU_0625_Seg,MSU_125_Seg,MSU_25_Seg,MSU_50_Seg,HA_100_Seg,HA_400_Seg,HA_800_Seg,MSU_0_50,MSU_0625_50,MSU_125_50,MSU_25_50,MSU_50_50,HA_100_50,HA_400_50,HA_800_50,MSU_0_65,MSU_0625_65,MSU_125_65,MSU_25_65,MSU_50_65,HA_100_65,HA_400_65,HA_800_65
2,L,0.0,0.0,0.0,0.43125,1.0,1.85818,35.3222,138.952,236.438,624.063,101.715,395.035,796.332,-13.100,27.7280,77.3035,129.627,339.386,218.325,881.842,1760.41,-4.0976,30.4845,79.7024,129.148,320.112,141.198,565.779,1209.28
2,R,0.0,0.0,0.00826,0.28775,1.0,4.57019,14.4328,132.240,207.867,612.330,93.1311,388.241,793.511,-4.6265,-5.0698,86.0601,138.132,313.093,206.481,871.138,1756.30,0.28625,5.79864,85.3741,130.360,310.738,134.416,559.939,1206.65
